{"cameraMode":{"drawMode":0,"name":"Shaded","section":"Shading Mode"},"sceneLighting":true,"audioPlay":false,"sceneViewState":{"m_AlwaysRefresh":false,"showFog":true,"showSkybox":true,"showFlares":true,"showImageEffects":true,"showParticleSystems":true,"showVisualEffectGraphs":true,"m_FxEnabled":true},"in2DMode":false,"pivot":{"x":472.6507873535156,"y":163.40235900878907,"z":-8.206130981445313},"rotation":{"x":-0.09461844712495804,"y":-0.032253094017505649,"z":0.0030666273087263109,"w":-0.9949955344200134},"size":397.1807861328125,"orthographic":false}